<?xml version="1.0" encoding="UTF-8"?>
<con:soapui-project id="21b0f250-ac41-44da-b00e-7cff1ef38f48" activeEnvironment="Default" name="Proy book-management" resourceRoot="${projectDir}" soapui-version="5.8.0" abortOnError="false" runType="SEQUENTIAL" xmlns:con="http://eviware.com/soapui/config"><con:settings/><con:interface xsi:type="con:RestService" id="7275bcb0-3edf-4398-8736-5a074755d883" wadlVersion="http://wadl.dev.java.net/2009/02" name="http://localhost:8080" type="rest" xmlns:xsi="http://www.w3.org/2001/XMLSchema-instance"><con:settings/><con:definitionCache type="TEXT" rootPart=""/><con:endpoints><con:endpoint>http://localhost:8080</con:endpoint></con:endpoints><con:resource name="authors" path="/api/v1/authors" id="809cfa46-b4f4-49f6-8db1-9399ad9bcb74"><con:settings/><con:parameters/><con:resource name="{authorId}" path="{authorId}" id="ba8f0561-ce06-46a9-a77c-c44ba2f4763f"><con:settings/><con:parameters><con:parameter><con:name>authorId</con:name><con:value>authorId</con:value><con:style>TEMPLATE</con:style><con:default>authorId</con:default></con:parameter></con:parameters><con:method name="GetById" id="9ed668d9-6034-4977-9475-174a8d0e58a3" method="GET"><con:settings/><con:parameters/><con:representation type="RESPONSE"><con:mediaType>application/json</con:mediaType><con:status>200</con:status><con:params/><con:element xmlns:ns="http://localhost/api/v1/authors/6">ns:Response</con:element></con:representation><con:request name="Get With Valid Id" id="7a946a6c-2342-40c1-9bd3-dfe9fd843251" mediaType="application/json"><con:settings><con:setting id="com.eviware.soapui.impl.wsdl.WsdlRequest@request-headers">&lt;xml-fragment/></con:setting></con:settings><con:endpoint>http://localhost:8080</con:endpoint><con:request/><con:originalUri>http://localhost/api/v1/authors/6</con:originalUri><con:credentials><con:authType>No Authorization</con:authType></con:credentials><con:jmsConfig JMSDeliveryMode="PERSISTENT"/><con:jmsPropertyConfig/><con:parameters><entry key="authorId" value="8" xmlns="http://eviware.com/soapui/config"/></con:parameters></con:request></con:method><con:method name="Update" id="4838122b-0dde-4326-93bf-f15b6f32f1f9" method="PUT"><con:settings/><con:parameters/><con:representation type="REQUEST"><con:mediaType>application/json</con:mediaType><con:params/></con:representation><con:representation type="RESPONSE"><con:mediaType>application/json</con:mediaType><con:status>200</con:status><con:params/><con:element xmlns:ns="http://localhost/api/v1/authors/8">ns:Response</con:element></con:representation><con:request name="Put Author" id="0a434a14-f913-457a-96c1-abc02908f0bd" mediaType="application/json" postQueryString="false"><con:settings><con:setting id="com.eviware.soapui.impl.wsdl.WsdlRequest@request-headers">&lt;xml-fragment/></con:setting></con:settings><con:endpoint>http://localhost:8080</con:endpoint><con:request>{
  "name":"Clara",
  "surname":"Clayton"	
}</con:request><con:originalUri>http://localhost/api/v1/authors/8</con:originalUri><con:credentials><con:authType>No Authorization</con:authType></con:credentials><con:jmsConfig JMSDeliveryMode="PERSISTENT"/><con:jmsPropertyConfig/><con:parameters><entry key="authorId" value="8" xmlns="http://eviware.com/soapui/config"/></con:parameters></con:request></con:method><con:method name="Delete" id="13616a97-80cb-4aff-812a-a7d62ed35de3" method="DELETE"><con:settings/><con:parameters/><con:representation type="REQUEST"><con:mediaType>application/json</con:mediaType><con:params/></con:representation><con:representation type="RESPONSE"><con:mediaType>application/json</con:mediaType><con:status>200</con:status><con:params/><con:element xmlns:ns="http://localhost/api/v1/authors/11">ns:Response</con:element></con:representation><con:request name="Del With Valid Id" id="874c2111-fa55-4637-9729-2949e63b685f" mediaType="application/json" postQueryString="false"><con:settings><con:setting id="com.eviware.soapui.impl.wsdl.WsdlRequest@request-headers">&lt;xml-fragment/></con:setting></con:settings><con:endpoint>http://localhost:8080</con:endpoint><con:request/><con:originalUri>http://localhost/api/v1/authors/11</con:originalUri><con:credentials><con:authType>No Authorization</con:authType></con:credentials><con:jmsConfig JMSDeliveryMode="PERSISTENT"/><con:jmsPropertyConfig/><con:parameters><entry key="authorId" value="11" xmlns="http://eviware.com/soapui/config"/></con:parameters></con:request></con:method></con:resource><con:method name="GetAll" id="dee61a6d-20c0-47b3-992f-3e3c32fc1d0c" method="GET"><con:settings/><con:parameters/><con:representation type="RESPONSE"><con:mediaType>application/json</con:mediaType><con:status>200</con:status><con:params/><con:element xmlns:aut="http://localhost/authors">aut:Response</con:element></con:representation><con:request name="Get All Author" id="c1b78b87-1a24-450a-be75-0917f73a5840" mediaType="application/json"><con:settings><con:setting id="com.eviware.soapui.impl.wsdl.WsdlRequest@request-headers">&lt;xml-fragment/></con:setting></con:settings><con:endpoint>http://localhost:8080</con:endpoint><con:request/><con:originalUri>http://localhost/authors</con:originalUri><con:credentials><con:authType>No Authorization</con:authType></con:credentials><con:jmsConfig JMSDeliveryMode="PERSISTENT"/><con:jmsPropertyConfig/><con:parameters/></con:request></con:method><con:method name="Create" id="6d79b076-3c7f-48b1-9b77-03853e385eda" method="POST"><con:settings/><con:parameters/><con:representation type="REQUEST"><con:mediaType>application/json</con:mediaType><con:params/></con:representation><con:representation type="RESPONSE"><con:mediaType>application/json</con:mediaType><con:status>201</con:status><con:params/><con:element xmlns:aut="http://localhost/authors">aut:Response</con:element></con:representation><con:request name="Post Author" id="5d31a024-a2a5-4016-b9ee-d2bc69199a90" mediaType="application/json" postQueryString="false"><con:settings><con:setting id="com.eviware.soapui.impl.wsdl.WsdlRequest@request-headers">&lt;xml-fragment/></con:setting></con:settings><con:endpoint>http://localhost:8080</con:endpoint><con:request>{
  "name":"Bill",
  "surname":"Murray"	
}
</con:request><con:originalUri>http://localhost/authors</con:originalUri><con:credentials><con:authType>No Authorization</con:authType></con:credentials><con:jmsConfig JMSDeliveryMode="PERSISTENT"/><con:jmsPropertyConfig/><con:parameters/></con:request></con:method></con:resource><con:resource name="genres" path="/api/v1/genres" id="5a419b5c-b339-4c44-bc81-4134633cd734"><con:settings/><con:parameters/><con:resource name="{genreId}" path="{genreId}" id="4669e620-00cd-460f-9fbe-2593c82cbfb8"><con:settings/><con:parameters><con:parameter><con:name>genreId</con:name><con:value>genreId</con:value><con:style>TEMPLATE</con:style><con:default>genreId</con:default></con:parameter></con:parameters><con:method name="GetById" id="bde3ca32-6b7d-48fb-b220-e06ea452c6cc" method="GET"><con:settings/><con:parameters/><con:representation type="RESPONSE"><con:mediaType>application/json</con:mediaType><con:status>200</con:status><con:params/><con:element xmlns:ns="http://localhost/api/v1/genres/7">ns:Response</con:element></con:representation><con:request name="Get With Valid Id" id="837e1d96-d95c-4146-bc1a-6dbf9233baed" mediaType="application/json"><con:settings><con:setting id="com.eviware.soapui.impl.wsdl.WsdlRequest@request-headers">&lt;xml-fragment/></con:setting></con:settings><con:endpoint>http://localhost:8080</con:endpoint><con:request/><con:originalUri>http://localhost/api/v1/genres/7</con:originalUri><con:credentials><con:authType>No Authorization</con:authType></con:credentials><con:jmsConfig JMSDeliveryMode="PERSISTENT"/><con:jmsPropertyConfig/><con:parameters><entry key="genreId" value="7" xmlns="http://eviware.com/soapui/config"/></con:parameters></con:request></con:method><con:method name="Update" id="a44b38fe-1b34-468d-8ea5-905c036dacb0" method="PUT"><con:settings/><con:parameters/><con:representation type="REQUEST"><con:mediaType>application/json</con:mediaType><con:params/></con:representation><con:representation type="FAULT"><con:mediaType>application/json</con:mediaType><con:status>400</con:status><con:params/><con:element xmlns:ns="http://localhost/api/v1/genres/8">ns:Fault</con:element></con:representation><con:representation type="RESPONSE"><con:mediaType>application/json</con:mediaType><con:status>200</con:status><con:params/><con:element xmlns:ns="http://localhost/api/v1/genres/8">ns:Response</con:element></con:representation><con:request name="Put Genre" id="923f6dd7-4085-42f8-bf88-27f20668c113" mediaType="application/json" postQueryString="false"><con:settings><con:setting id="com.eviware.soapui.impl.wsdl.WsdlRequest@request-headers">&lt;xml-fragment/></con:setting></con:settings><con:endpoint>http://localhost:8080</con:endpoint><con:request>{
  "name":"Comedrama",
  "description":"Full of Drama and Comedy"	
}</con:request><con:originalUri>http://localhost/api/v1/genres/8</con:originalUri><con:credentials><con:authType>No Authorization</con:authType></con:credentials><con:jmsConfig JMSDeliveryMode="PERSISTENT"/><con:jmsPropertyConfig/><con:parameters><entry key="genreId" value="8" xmlns="http://eviware.com/soapui/config"/></con:parameters></con:request></con:method><con:method name="Delete" id="d01e1501-96f8-42c9-b2e2-5e28ed0e851a" method="DELETE"><con:settings/><con:parameters/><con:representation type="FAULT"><con:mediaType>application/json</con:mediaType><con:status>400</con:status><con:params/><con:element xmlns:ns="http://localhost/api/v1/genres/13">ns:Fault</con:element></con:representation><con:representation type="REQUEST"><con:mediaType>application/json</con:mediaType><con:params/></con:representation><con:representation type="RESPONSE"><con:mediaType>application/json</con:mediaType><con:status>200</con:status><con:params/><con:element xmlns:ns="http://localhost/api/v1/genres/13">ns:Response</con:element></con:representation><con:request name="Del With Valid Id" id="2e2c171f-ce1f-4c75-a3b3-258765ca197e" mediaType="application/json" postQueryString="false"><con:settings><con:setting id="com.eviware.soapui.impl.wsdl.WsdlRequest@request-headers">&lt;xml-fragment/></con:setting></con:settings><con:endpoint>http://localhost:8080</con:endpoint><con:request/><con:originalUri>http://localhost/api/v1/genres/13</con:originalUri><con:credentials><con:authType>No Authorization</con:authType></con:credentials><con:jmsConfig JMSDeliveryMode="PERSISTENT"/><con:jmsPropertyConfig/><con:parameters><entry key="genreId" value="12" xmlns="http://eviware.com/soapui/config"/></con:parameters></con:request></con:method></con:resource><con:method name="GetAll" id="a8b973a8-ed4e-4374-a515-3975351b323e" method="GET"><con:settings/><con:parameters/><con:representation type="RESPONSE"><con:mediaType>application/json</con:mediaType><con:status>200</con:status><con:params/><con:element xmlns:gen="http://localhost/api/v1/genres">gen:Response</con:element></con:representation><con:request name="Get All Genre" id="9a29e36e-0341-4512-9753-3721f52de88c" mediaType="application/json"><con:settings><con:setting id="com.eviware.soapui.impl.wsdl.WsdlRequest@request-headers">&lt;xml-fragment/></con:setting></con:settings><con:endpoint>http://localhost:8080</con:endpoint><con:request/><con:originalUri>http://localhost/api/v1/genres</con:originalUri><con:credentials><con:authType>No Authorization</con:authType></con:credentials><con:jmsConfig JMSDeliveryMode="PERSISTENT"/><con:jmsPropertyConfig/><con:parameters/></con:request></con:method><con:method name="Create" id="64a1e7be-8452-49c2-9259-26714f3a1ef7" method="POST"><con:settings/><con:parameters/><con:representation type="REQUEST"><con:mediaType>application/json</con:mediaType><con:params/></con:representation><con:representation type="RESPONSE"><con:mediaType>application/json</con:mediaType><con:status>201</con:status><con:params/><con:element xmlns:gen="http://localhost/api/v1/genres">gen:Response</con:element></con:representation><con:request name="Post Genre" id="45290c95-5e47-4647-984c-419c4b867bbc" mediaType="application/json" postQueryString="false"><con:settings><con:setting id="com.eviware.soapui.impl.wsdl.WsdlRequest@request-headers">&lt;xml-fragment/></con:setting></con:settings><con:endpoint>http://localhost:8080</con:endpoint><con:request>{
  "name":"Dramedy",
  "description":"Merge of Drama and Comedy"	
}</con:request><con:originalUri>http://localhost/api/v1/genres</con:originalUri><con:credentials><con:authType>No Authorization</con:authType></con:credentials><con:jmsConfig JMSDeliveryMode="PERSISTENT"/><con:jmsPropertyConfig/><con:parameters/></con:request></con:method></con:resource><con:resource name="publishers" path="/api/v1/publishers" id="208eb7b8-0025-45ea-bf46-35dd00c16411"><con:settings/><con:parameters/><con:resource name="{publisherId}" path="{publisherId}" id="7d2a2be5-b122-4e7e-9580-d1cb95abc245"><con:settings/><con:parameters><con:parameter><con:name>publisherId</con:name><con:value>publisherId</con:value><con:style>TEMPLATE</con:style><con:default>publisherId</con:default></con:parameter></con:parameters><con:method name="GetById" id="8b0469ee-b604-4683-92fe-1412568a5727" method="GET"><con:settings/><con:parameters/><con:representation type="RESPONSE"><con:mediaType>application/json</con:mediaType><con:status>200</con:status><con:params/><con:element xmlns:ns="http://localhost/api/v1/publishers/4">ns:Response</con:element></con:representation><con:request name="Get With Valid Id" id="c728bc9e-3a68-43cb-9f8b-7d6b5fdafaff" mediaType="application/json"><con:settings><con:setting id="com.eviware.soapui.impl.wsdl.WsdlRequest@request-headers">&lt;xml-fragment/></con:setting></con:settings><con:endpoint>http://localhost:8080</con:endpoint><con:request/><con:originalUri>http://localhost/api/v1/publishers/4</con:originalUri><con:credentials><con:authType>No Authorization</con:authType></con:credentials><con:jmsConfig JMSDeliveryMode="PERSISTENT"/><con:jmsPropertyConfig/><con:parameters><entry key="publisherId" value="4" xmlns="http://eviware.com/soapui/config"/></con:parameters></con:request></con:method><con:method name="Update" id="fd809e56-b482-4c44-a75a-74341ab94f15" method="PUT"><con:settings/><con:parameters/><con:representation type="REQUEST"><con:mediaType>application/json</con:mediaType><con:params/></con:representation><con:representation type="RESPONSE"><con:mediaType>application/json</con:mediaType><con:status>200</con:status><con:params/><con:element xmlns:ns="http://localhost/api/v1/publishers/6">ns:Response</con:element></con:representation><con:request name="Put Publisher" id="2b97a9da-e03e-4b57-b718-06d998c235de" mediaType="application/json" postQueryString="false"><con:settings><con:setting id="com.eviware.soapui.impl.wsdl.WsdlRequest@request-headers">&lt;xml-fragment/></con:setting></con:settings><con:endpoint>http://localhost:8080</con:endpoint><con:request>{
  "name":"WaterFish papers"
}</con:request><con:originalUri>http://localhost/api/v1/publishers/6</con:originalUri><con:credentials><con:authType>No Authorization</con:authType></con:credentials><con:jmsConfig JMSDeliveryMode="PERSISTENT"/><con:jmsPropertyConfig/><con:parameters><entry key="publisherId" value="6" xmlns="http://eviware.com/soapui/config"/></con:parameters></con:request></con:method><con:method name="Delete" id="13d49014-2f86-43f5-ba6c-bc9461d73d66" method="DELETE"><con:settings/><con:parameters/><con:representation type="REQUEST"><con:mediaType>application/json</con:mediaType><con:params/></con:representation><con:representation type="FAULT"><con:mediaType>application/json</con:mediaType><con:status>400</con:status><con:params/><con:element xmlns:ns="http://localhost/api/v1/publishers/9">ns:Fault</con:element></con:representation><con:representation type="RESPONSE"><con:mediaType>application/json</con:mediaType><con:status>200</con:status><con:params/><con:element xmlns:ns="http://localhost/api/v1/publishers/9">ns:Response</con:element></con:representation><con:request name="Del With Valid Id" id="8d89dca8-75d6-46f9-9e69-ae375a3023e2" mediaType="application/json" postQueryString="false"><con:settings><con:setting id="com.eviware.soapui.impl.wsdl.WsdlRequest@request-headers">&lt;xml-fragment/></con:setting></con:settings><con:endpoint>http://localhost:8080</con:endpoint><con:request/><con:originalUri>http://localhost/api/v1/publishers/9</con:originalUri><con:credentials><con:authType>No Authorization</con:authType></con:credentials><con:jmsConfig JMSDeliveryMode="PERSISTENT"/><con:jmsPropertyConfig/><con:parameters><entry key="publisherId" value="11" xmlns="http://eviware.com/soapui/config"/></con:parameters></con:request></con:method></con:resource><con:method name="GetAll" id="6472ae1b-0cb7-44af-9aa0-0c0ea9d30797" method="GET"><con:settings/><con:parameters/><con:representation type="RESPONSE"><con:mediaType>application/json</con:mediaType><con:status>200</con:status><con:params/><con:element xmlns:pub="http://localhost/api/v1/publishers">pub:Response</con:element></con:representation><con:request name="Get All Publisher" id="fea908aa-a572-464d-9d3e-b15994e1738f" mediaType="application/json"><con:settings><con:setting id="com.eviware.soapui.impl.wsdl.WsdlRequest@request-headers">&lt;xml-fragment/></con:setting></con:settings><con:endpoint>http://localhost:8080</con:endpoint><con:request/><con:originalUri>http://localhost/api/v1/publishers</con:originalUri><con:credentials><con:authType>No Authorization</con:authType></con:credentials><con:jmsConfig JMSDeliveryMode="PERSISTENT"/><con:jmsPropertyConfig/><con:parameters/></con:request></con:method><con:method name="Create" id="b693f646-cf2c-4441-99a6-84c1f83f546f" method="POST"><con:settings/><con:parameters/><con:representation type="RESPONSE"><con:mediaType>application/json</con:mediaType><con:status>201</con:status><con:params/><con:element xmlns:pub="http://localhost/api/v1/publishers">pub:Response</con:element></con:representation><con:representation type="REQUEST"><con:mediaType>application/json</con:mediaType><con:params/></con:representation><con:request name="Post Publisher" id="4aee9ca7-3443-4018-85fb-a5e79e6cca21" mediaType="application/json" postQueryString="false"><con:settings><con:setting id="com.eviware.soapui.impl.wsdl.WsdlRequest@request-headers">&lt;xml-fragment/></con:setting></con:settings><con:endpoint>http://localhost:8080</con:endpoint><con:request>{
  "name":"InkBird papers"
}</con:request><con:originalUri>http://localhost/api/v1/publishers</con:originalUri><con:credentials><con:authType>No Authorization</con:authType></con:credentials><con:jmsConfig JMSDeliveryMode="PERSISTENT"/><con:jmsPropertyConfig/><con:parameters/></con:request></con:method></con:resource><con:resource name="bookshops" path="/api/v1/bookshops" id="3339d6a5-0539-41c8-86c5-9495bcd03c4b"><con:settings/><con:parameters/><con:resource name="{bookshopId}" path="{bookshopId}" id="4bbb7a0b-204e-4a45-a4cd-64dca8658898"><con:settings/><con:parameters><con:parameter><con:name>bookshopId</con:name><con:value>bookshopId</con:value><con:style>TEMPLATE</con:style><con:default>bookshopId</con:default></con:parameter></con:parameters><con:method name="GetById" id="c71d819b-83c5-48ab-82c4-6cfb7dba115e" method="GET"><con:settings/><con:parameters/><con:representation type="RESPONSE"><con:mediaType>application/json</con:mediaType><con:status>200</con:status><con:params/><con:element xmlns:ns="http://localhost/api/v1/bookshops/11">ns:Response</con:element></con:representation><con:request name="Get With Valid Id" id="8504b51a-ec7d-4e7e-a3f6-b1944b952d76" mediaType="application/json"><con:settings><con:setting id="com.eviware.soapui.impl.wsdl.WsdlRequest@request-headers">&lt;xml-fragment/></con:setting></con:settings><con:endpoint>http://localhost:8080</con:endpoint><con:request/><con:originalUri>http://localhost/api/v1/bookshops/11</con:originalUri><con:credentials><con:authType>No Authorization</con:authType></con:credentials><con:jmsConfig JMSDeliveryMode="PERSISTENT"/><con:jmsPropertyConfig/><con:parameters><entry key="bookshopId" value="11" xmlns="http://eviware.com/soapui/config"/></con:parameters></con:request></con:method><con:method name="Update" id="ea29ba32-6933-4a0b-892c-47469f863050" method="PUT"><con:settings/><con:parameters/><con:representation type="RESPONSE"><con:mediaType>application/json</con:mediaType><con:status>200</con:status><con:params/><con:element xmlns:ns="http://localhost/api/v1/bookshops/15">ns:Response</con:element></con:representation><con:representation type="REQUEST"><con:mediaType>application/json</con:mediaType><con:params/></con:representation><con:request name="Put Bookshop" id="dcd3df6a-8f8e-4487-85c7-49e7bb1ddb63" mediaType="application/json" postQueryString="false"><con:settings><con:setting id="com.eviware.soapui.impl.wsdl.WsdlRequest@request-headers">&lt;xml-fragment/></con:setting></con:settings><con:endpoint>http://localhost:8080</con:endpoint><con:request>{
  "name":"New Horizon books "
}</con:request><con:originalUri>http://localhost/api/v1/bookshops/15</con:originalUri><con:credentials><con:authType>No Authorization</con:authType></con:credentials><con:jmsConfig JMSDeliveryMode="PERSISTENT"/><con:jmsPropertyConfig/><con:parameters><entry key="bookshopId" value="15" xmlns="http://eviware.com/soapui/config"/></con:parameters></con:request></con:method><con:method name="Delete" id="72cd6959-cd95-449f-893a-df2151aea937" method="DELETE"><con:settings/><con:parameters/><con:representation type="RESPONSE"><con:mediaType>application/json</con:mediaType><con:status>200</con:status><con:params/><con:element xmlns:ns="http://localhost/api/v1/bookshops/10">ns:Response</con:element></con:representation><con:representation type="REQUEST"><con:mediaType>application/json</con:mediaType><con:params/></con:representation><con:request name="Del With Valid Id" id="ced82df9-2c7b-411c-ac5d-5e56db4c96d5" mediaType="application/json" postQueryString="false"><con:settings><con:setting id="com.eviware.soapui.impl.wsdl.WsdlRequest@request-headers">&lt;xml-fragment/></con:setting></con:settings><con:endpoint>http://localhost:8080</con:endpoint><con:request/><con:originalUri>http://localhost/api/v1/bookshops/10</con:originalUri><con:credentials><con:authType>No Authorization</con:authType></con:credentials><con:jmsConfig JMSDeliveryMode="PERSISTENT"/><con:jmsPropertyConfig/><con:parameters><entry key="bookshopId" value="10" xmlns="http://eviware.com/soapui/config"/></con:parameters></con:request></con:method></con:resource><con:method name="GetAll" id="50b58405-628b-4029-a0e4-430046b81740" method="GET"><con:settings/><con:parameters/><con:representation type="RESPONSE"><con:mediaType>application/json</con:mediaType><con:status>200</con:status><con:params/><con:element xmlns:book="http://localhost/api/v1/bookshops">book:Response</con:element></con:representation><con:request name="Get All Bookshop" id="8fc5f9ba-1f27-447e-8b17-2cd28c5487bb" mediaType="application/json"><con:settings><con:setting id="com.eviware.soapui.impl.wsdl.WsdlRequest@request-headers">&lt;xml-fragment/></con:setting></con:settings><con:endpoint>http://localhost:8080</con:endpoint><con:request/><con:originalUri>http://localhost/api/v1/bookshops</con:originalUri><con:credentials><con:authType>No Authorization</con:authType></con:credentials><con:jmsConfig JMSDeliveryMode="PERSISTENT"/><con:jmsPropertyConfig/><con:parameters/></con:request></con:method><con:method name="Create" id="29ad301f-a0f1-476a-8e23-85a60dfa432e" method="POST"><con:settings/><con:parameters/><con:representation type="REQUEST"><con:mediaType>application/json</con:mediaType><con:params/></con:representation><con:representation type="RESPONSE"><con:mediaType>application/json</con:mediaType><con:status>201</con:status><con:params/><con:element xmlns:book="http://localhost/api/v1/bookshops">book:Response</con:element></con:representation><con:request name="Post Bookshop" id="3862e656-cafd-4391-91b4-10faa15fe99a" mediaType="application/json" postQueryString="false"><con:settings><con:setting id="com.eviware.soapui.impl.wsdl.WsdlRequest@request-headers">&lt;xml-fragment/></con:setting></con:settings><con:endpoint>http://localhost:8080</con:endpoint><con:request>{
  "name":"Scrapyard"
}</con:request><con:originalUri>http://localhost/api/v1/bookshops</con:originalUri><con:credentials><con:authType>No Authorization</con:authType></con:credentials><con:jmsConfig JMSDeliveryMode="PERSISTENT"/><con:jmsPropertyConfig/><con:parameters/></con:request></con:method></con:resource><con:resource name="books" path="/api/v1/books" id="62c915a0-ef14-4efd-8dea-33e908c6f02b"><con:settings/><con:parameters/><con:resource name="{bookId}" path="{bookId}" id="2f5ba18f-829a-4f1f-aa61-1a9cc3e9159a"><con:settings/><con:parameters><con:parameter><con:name>bookId</con:name><con:value>bookId</con:value><con:style>TEMPLATE</con:style><con:default>bookId</con:default></con:parameter></con:parameters><con:method name="GetById" id="cca176ff-4fc2-4070-a0c0-d4e8987a6684" method="GET"><con:settings/><con:parameters/><con:representation type="RESPONSE"><con:mediaType>application/json</con:mediaType><con:status>200</con:status><con:params/><con:element xmlns:ns="http://localhost/api/v1/books/8">ns:Response</con:element></con:representation><con:request name="Get With Valid Id" id="6f7a9f8b-278e-4325-8434-f571711b488d" mediaType="application/json"><con:settings><con:setting id="com.eviware.soapui.impl.wsdl.WsdlRequest@request-headers">&lt;xml-fragment/></con:setting></con:settings><con:endpoint>http://localhost:8080</con:endpoint><con:request/><con:originalUri>http://localhost/api/v1/books/8</con:originalUri><con:credentials><con:authType>No Authorization</con:authType></con:credentials><con:jmsConfig JMSDeliveryMode="PERSISTENT"/><con:jmsPropertyConfig/><con:parameters><entry key="bookId" value="8" xmlns="http://eviware.com/soapui/config"/></con:parameters></con:request></con:method><con:method name="Update" id="efaa40ed-6b18-4158-9058-a76a203f0a5f" method="PUT"><con:settings/><con:parameters/><con:representation type="RESPONSE"><con:mediaType>application/json</con:mediaType><con:status>200</con:status><con:params/><con:element xmlns:ns="http://localhost/api/v1/books/6">ns:Response</con:element></con:representation><con:representation type="REQUEST"><con:mediaType>application/json</con:mediaType><con:params/></con:representation><con:request name="Put Book" id="c58c0df3-9c21-4b81-936b-1a8a998eaa41" mediaType="application/json" postQueryString="false"><con:settings><con:setting id="com.eviware.soapui.impl.wsdl.WsdlRequest@request-headers">&lt;xml-fragment/></con:setting></con:settings><con:endpoint>http://localhost:8080</con:endpoint><con:request>{
	"isbn":"1111111111112",
	"title":"The New Prometheus",
	"publisherId":4,
	"genreId":2,
	"authorsIdSet":[10,2]
}</con:request><con:originalUri>http://localhost/api/v1/books/6</con:originalUri><con:credentials><con:authType>No Authorization</con:authType></con:credentials><con:jmsConfig JMSDeliveryMode="PERSISTENT"/><con:jmsPropertyConfig/><con:parameters><entry key="bookId" value="6" xmlns="http://eviware.com/soapui/config"/></con:parameters></con:request></con:method><con:method name="Delete" id="a5b86a70-58c5-4b4d-ab94-90d5d2351b67" method="DELETE"><con:settings/><con:parameters/><con:representation type="REQUEST"><con:mediaType>application/json</con:mediaType><con:params/></con:representation><con:representation type="RESPONSE"><con:mediaType>application/json</con:mediaType><con:status>200</con:status><con:params/><con:element xmlns:ns="http://localhost/api/v1/books/5">ns:Response</con:element></con:representation><con:request name="Del With Valid Id" id="638cb315-5e65-4be0-88a0-4786f2a74071" mediaType="application/json" postQueryString="false"><con:settings><con:setting id="com.eviware.soapui.impl.wsdl.WsdlRequest@request-headers">&lt;xml-fragment/></con:setting></con:settings><con:endpoint>http://localhost:8080</con:endpoint><con:request/><con:originalUri>http://localhost/api/v1/books/5</con:originalUri><con:credentials><con:authType>No Authorization</con:authType></con:credentials><con:jmsConfig JMSDeliveryMode="PERSISTENT"/><con:jmsPropertyConfig/><con:parameters><entry key="bookId" value="5" xmlns="http://eviware.com/soapui/config"/></con:parameters></con:request></con:method></con:resource><con:method name="GetAll" id="54af08a2-feae-4eac-84fb-e94f5c6d89fe" method="GET"><con:settings/><con:parameters/><con:representation type="RESPONSE"><con:mediaType>application/json</con:mediaType><con:status>200</con:status><con:params/><con:element xmlns:book="http://localhost/api/v1/books">book:Response</con:element></con:representation><con:request name="Get All Book" id="3f88e13d-2244-4372-9642-27c29daa2526" mediaType="application/json"><con:settings><con:setting id="com.eviware.soapui.impl.wsdl.WsdlRequest@request-headers">&lt;xml-fragment/></con:setting></con:settings><con:endpoint>http://localhost:8080</con:endpoint><con:request/><con:originalUri>http://localhost/api/v1/books</con:originalUri><con:credentials><con:authType>No Authorization</con:authType></con:credentials><con:jmsConfig JMSDeliveryMode="PERSISTENT"/><con:jmsPropertyConfig/><con:parameters/></con:request></con:method><con:method name="Create" id="1dba7ed1-6327-419f-8db2-118bb113a3fe" method="POST"><con:settings/><con:parameters/><con:representation type="FAULT"><con:mediaType>application/json</con:mediaType><con:status>404 500</con:status><con:params/><con:element xmlns:book="http://localhost/api/v1/books">book:Fault</con:element></con:representation><con:representation type="REQUEST"><con:mediaType>application/json</con:mediaType><con:params/></con:representation><con:representation type="RESPONSE"><con:mediaType>application/json</con:mediaType><con:status>201</con:status><con:params/><con:element xmlns:book="http://localhost/api/v1/books">book:Response</con:element></con:representation><con:request name="Post Book" id="337df048-9e2d-4e00-bb66-c7902b5a2114" mediaType="application/json" postQueryString="false"><con:settings><con:setting id="com.eviware.soapui.impl.wsdl.WsdlRequest@request-headers">&lt;xml-fragment/></con:setting></con:settings><con:endpoint>http://localhost:8080</con:endpoint><con:request>{
	"isbn":"1111111111111",
	"title":"Push your limits in Victorian Era",
	"publisherId":4,
	"genreId":4,
	"authorsIdSet":[3,4]
}</con:request><con:originalUri>http://localhost/api/v1/books</con:originalUri><con:credentials><con:authType>No Authorization</con:authType></con:credentials><con:jmsConfig JMSDeliveryMode="PERSISTENT"/><con:jmsPropertyConfig/><con:parameters/></con:request></con:method></con:resource><con:resource name="bookbookshops" path="/api/v1/bookbookshops" id="1ced442e-0438-44b4-b73b-6372ca6e9703"><con:settings/><con:parameters/><con:resource name="{bookshopId}" path="book/{bookId}/bookshop/{bookshopId}" id="2068e044-c9c3-4172-aaa2-c4096d8efba7"><con:settings/><con:parameters><con:parameter><con:name>bookId</con:name><con:value>bookId</con:value><con:style>TEMPLATE</con:style><con:default>bookId</con:default></con:parameter><con:parameter><con:name>bookshopId</con:name><con:value>bookshopId</con:value><con:style>TEMPLATE</con:style><con:default>bookshopId</con:default></con:parameter></con:parameters><con:method name="GetById" id="c053736e-855b-43d7-a220-d75370e2f2a9" method="GET"><con:settings/><con:parameters/><con:representation type="RESPONSE"><con:mediaType>application/json</con:mediaType><con:status>200</con:status><con:params/><con:element xmlns:ns="http://localhost/api/v1/bookbookshops/book/2/bookshop/2">ns:Response</con:element></con:representation><con:request name="Get With Valid Id" id="b668600c-87f8-4622-86b9-3a3c18cd5adf" mediaType="application/json"><con:settings><con:setting id="com.eviware.soapui.impl.wsdl.WsdlRequest@request-headers">&lt;xml-fragment/></con:setting></con:settings><con:endpoint>http://localhost:8080</con:endpoint><con:request/><con:originalUri>http://localhost/api/v1/bookbookshops/book/2/bookshop/2</con:originalUri><con:credentials><con:authType>No Authorization</con:authType></con:credentials><con:jmsConfig JMSDeliveryMode="PERSISTENT"/><con:jmsPropertyConfig/><con:parameters>
  <con:entry key="bookshopId" value="2"/>
  <con:entry key="bookId" value="2"/>
</con:parameters></con:request></con:method><con:method name="Update" id="4637b5c4-118e-4066-b6dd-72b6c40a6b00" method="PUT"><con:settings/><con:parameters/><con:representation type="REQUEST"><con:mediaType>application/json</con:mediaType><con:params/></con:representation><con:representation type="FAULT"><con:mediaType>application/json</con:mediaType><con:status>400</con:status><con:params/><con:element xmlns:ns="http://localhost/api/v1/bookbookshops/book/1/bookshop/3">ns:Fault</con:element></con:representation><con:representation type="RESPONSE"><con:mediaType>application/json</con:mediaType><con:status>200</con:status><con:params/><con:element xmlns:ns="http://localhost/api/v1/bookbookshops/book/1/bookshop/3">ns:Response</con:element></con:representation><con:request name="Put BookBookshop" id="e3bd71ef-8e57-47a8-b3d9-f1786acf0d86" mediaType="application/json" postQueryString="false"><con:settings><con:setting id="com.eviware.soapui.impl.wsdl.WsdlRequest@request-headers">&lt;xml-fragment/></con:setting></con:settings><con:endpoint>http://localhost:8080</con:endpoint><con:request>{
	"bookId":1,
	"bookshopId":3,
	"price":13.9,
	"units":13
}</con:request><con:originalUri>http://localhost/api/v1/bookbookshops/book/1/bookshop/3</con:originalUri><con:credentials><con:authType>No Authorization</con:authType></con:credentials><con:jmsConfig JMSDeliveryMode="PERSISTENT"/><con:jmsPropertyConfig/><con:parameters>
  <con:entry key="bookshopId" value="3"/>
  <con:entry key="bookId" value="1"/>
</con:parameters></con:request></con:method><con:method name="Delete" id="17183f4b-12ab-4401-bd1e-f1b6a4847bae" method="DELETE"><con:settings/><con:parameters/><con:representation type="REQUEST"><con:mediaType>application/json</con:mediaType><con:params/></con:representation><con:representation type="RESPONSE"><con:mediaType>application/json</con:mediaType><con:status>200</con:status><con:params/><con:element xmlns:ns="http://localhost/api/v1/bookbookshops/book/3/bookshop/1">ns:Response</con:element></con:representation><con:request name="Del With Valid Id" id="91b64be2-8de1-4120-93fc-19bddfff3f10" mediaType="application/json" postQueryString="false"><con:settings><con:setting id="com.eviware.soapui.impl.wsdl.WsdlRequest@request-headers">&lt;xml-fragment/></con:setting></con:settings><con:endpoint>http://localhost:8080</con:endpoint><con:request/><con:originalUri>http://localhost/api/v1/bookbookshops/book/3/bookshop/1</con:originalUri><con:credentials><con:authType>No Authorization</con:authType></con:credentials><con:jmsConfig JMSDeliveryMode="PERSISTENT"/><con:jmsPropertyConfig/><con:parameters>
  <con:entry key="bookshopId" value="1"/>
  <con:entry key="bookId" value="3"/>
</con:parameters></con:request></con:method></con:resource><con:method name="GetAll" id="3c0c5df8-408e-4112-8ec9-9ccb3eafad19" method="GET"><con:settings/><con:parameters/><con:representation type="RESPONSE"><con:mediaType>application/json</con:mediaType><con:status>200</con:status><con:params/><con:element xmlns:book="http://localhost/api/v1/bookbookshops">book:Response</con:element></con:representation><con:request name="Get All BookBookshop" id="14eea26f-bce5-4c08-b4dd-f777c2cb8a5e" mediaType="application/json"><con:settings><con:setting id="com.eviware.soapui.impl.wsdl.WsdlRequest@request-headers">&lt;xml-fragment/></con:setting></con:settings><con:endpoint>http://localhost:8080</con:endpoint><con:request/><con:originalUri>http://localhost/api/v1/bookbookshops</con:originalUri><con:credentials><con:authType>No Authorization</con:authType></con:credentials><con:jmsConfig JMSDeliveryMode="PERSISTENT"/><con:jmsPropertyConfig/><con:parameters/></con:request></con:method><con:method name="Create" id="c819beb5-780a-416e-bd25-1291ca92626c" method="POST"><con:settings/><con:parameters/><con:representation type="RESPONSE"><con:mediaType>application/json</con:mediaType><con:status>201</con:status><con:params/><con:element xmlns:book="http://localhost/api/v1/bookbookshops">book:Response</con:element></con:representation><con:representation type="REQUEST"><con:mediaType>application/json</con:mediaType><con:params/></con:representation><con:request name="Post BookBookshop" id="61f35b7e-acc8-49b1-9dc5-33ce544ef1c6" mediaType="application/json" postQueryString="false"><con:settings><con:setting id="com.eviware.soapui.impl.wsdl.WsdlRequest@request-headers">&lt;xml-fragment/></con:setting></con:settings><con:endpoint>http://localhost:8080</con:endpoint><con:request>{
	"bookId":6,
	"bookshopId":6,
	"price":22,
	"units":2
}
</con:request><con:originalUri>http://localhost/api/v1/bookbookshops</con:originalUri><con:credentials><con:authType>No Authorization</con:authType></con:credentials><con:jmsConfig JMSDeliveryMode="PERSISTENT"/><con:jmsPropertyConfig/><con:parameters/></con:request></con:method></con:resource></con:interface><con:properties/><con:wssContainer/><con:oAuth2ProfileContainer/><con:oAuth1ProfileContainer/><con:sensitiveInformation/></con:soapui-project>